{
  "task_name": "avoid",
  "task_variant": "u_trap",
  "grid_size": 50,
  "grid_shape": [
    50,
    50,
    50,
    50
  ],
  "velocity_bound": 1.5,
  "num_time_slices": 41,
  "solver_accuracy": "high",
  "horizon_seconds": 2.0,
  "control_weight": 0.1,
  "obstacle_binary_weight": 100.0,
  "goal_pos": [
    0.25,
    0.0
  ],
  "obstacle_pos": [
    0.03999999910593033,
    0.0
  ],
  "grid_domain_lo": [
    -0.3499999940395355,
    -0.3499999940395355,
    -1.5,
    -1.5
  ],
  "grid_domain_hi": [
    0.3499999940395355,
    0.3499999940395355,
    1.5,
    1.5
  ]
}